,Models,Accuracy,Precision,Recall
0,Desicion Tree,0.9581898454746137,0.9584677391233765,0.9581898454746137
1,Random Forest,0.9581898454746137,0.9584677391233765,0.9581898454746137
2,K Nearest Neigbhours,0.8977924944812362,0.898565372737319,0.8977924944812362
3,Support Vector Machines,0.931346578366446,0.9311228156064808,0.931346578366446
4,Gradient Boosting,0.968167770419426,0.9676206691087672,0.968167770419426
5,AdaBoost,0.8526710816777042,0.8012804030539856,0.8526710816777042
6,XGBoost,0.9735099337748344,0.9731059902098658,0.9735099337748344
